X.SampleID,Description,BarcodeSequence,LinkerPrimerSequence,Mountain,Sex,Type,Elevation,Elevationf,DNAyield
RCKB2259,RCKB2259,CAATTCTGCTTC,GTGTGYCAGCMGCCGCGGTAA,Dako,F,swab,963,mid,8.8
KMCR723,KMCR723,CGTGACAATAGT,GTGTGYCAGCMGCCGCGGTAA,Torompupu,M,swab,660,low,2200
RCKB2225,RCKB2225,GAGGGCGTGATC,GTGTGYCAGCMGCCGCGGTAA,Torompupu,F,swab,1369,high,276.8
DRW150,DRW150,ATGGTCACAAAC,GTGTGYCAGCMGCCGCGGTAA,Katopasa,M,swab,368,low,2.72
LMB151,LMB151,TTGTATGACAGG,GTGTGYCAGCMGCCGCGGTAA,Katopasa,M,swab,368,low,280.4
KN2,KN,TGGAAACCATTG,GTGTGYCAGCMGCCGCGGTAA,Katopasa,NA,fneg,NA,,13.36
RLJ20,RLJ20,AGTAGGAGGCAC,GTGTGYCAGCMGCCGCGGTAA,Dako,M,swab,1052,mid,393.2
KMCR726,KMCR726,TGTACGGATAAC,GTGTGYCAGCMGCCGCGGTAA,Torompupu,M,swab,1369,high,2.76
RCKB2230,RCKB2230,AGGGTCGCCGCC,GTGTGYCAGCMGCCGCGGTAA,Torompupu,J,swab,1393,high,468
DRW155,DRW155,GGTTCCATTAGG,GTGTGYCAGCMGCCGCGGTAA,Katopasa,F,swab,1312,high,165.2
LMB152,LMB152,AAGGAAGTATAT,GTGTGYCAGCMGCCGCGGTAA,Katopasa,F,swab,368,low,10.72
KN3,KN,TTGTTACGTTCC,GTGTGYCAGCMGCCGCGGTAA,Katopasa,NA,fneg,NA,,4.72
RCKB2275,RCKB2275,ATTCGCCAAGAA,GTGTGYCAGCMGCCGCGGTAA,Dako,M,swab,1052,mid,1360
KMCR727,KMCR727,CAATTAATGTAT,GTGTGYCAGCMGCCGCGGTAA,Torompupu,M,swab,1376,high,1700
KMCR682,KMCR682,GATCGGTTAATG,GTGTGYCAGCMGCCGCGGTAA,Katopasa,M,swab,401,low,266.8
KMCR730,KMCR730,TAGTACTATACT,GTGTGYCAGCMGCCGCGGTAA,Torompupu,M,swab,1446,high,78.8
RCKB2239,RCKB2239,ATAGCACCAGAT,GTGTGYCAGCMGCCGCGGTAA,Torompupu,M,swab,1423,high,343.6
KMCR685,KMCR685,GTGAACTGGATT,GTGTGYCAGCMGCCGCGGTAA,Katopasa,F,swab,364,low,123.6
LMB154,LMB154,ATTCGAGCTGTG,GTGTGYCAGCMGCCGCGGTAA,Katopasa,J,swab,368,low,1544
RCKB2283,RCKB2283,TTGCTCAATTTG,GTGTGYCAGCMGCCGCGGTAA,Dako,M,swab,1148,mid,11
RLJ18,RLJ18,TCGTCCTCGCGA,GTGTGYCAGCMGCCGCGGTAA,Dako,M,swab,939,mid,1132
KMCR731,KMCR731,TCACGTATTCTC,GTGTGYCAGCMGCCGCGGTAA,Torompupu,F,swab,1446,high,172.8
RLJ003,RLJ003,TGACCGGCTGTT,GTGTGYCAGCMGCCGCGGTAA,Torompupu,F,swab,1376,high,12.04
JLC005,JLC005,GCTCCGACCATA,GTGTGYCAGCMGCCGCGGTAA,Torompupu,M,swab,660,low,720
KMCR739,KMCR739,ACAATAGACACC,GTGTGYCAGCMGCCGCGGTAA,Dako,M,swab,1406,high,512
DRW145,DRW145,GCGAACCTATAC,GTGTGYCAGCMGCCGCGGTAA,Katopasa,F,swab,368,low,180.4
KMCR692,KMCR692,CTTGGCCTGTAG,GTGTGYCAGCMGCCGCGGTAA,Katopasa,F,swab,1312,high,65.2
RCKB2285,RCKB2285,GCTGTACGGATT,GTGTGYCAGCMGCCGCGGTAA,Dako,F,swab,924,mid,492
RLJ19,RLJ19,TATCGCGCGATA,GTGTGYCAGCMGCCGCGGTAA,Dako,M,swab,1052,mid,8.6
JLC008,JLC008,TGTGACAGGGCG,GTGTGYCAGCMGCCGCGGTAA,Torompupu,J,swab,660,low,3.96
MI0086,MI0086,CGAGACCTGGGC,GTGTGYCAGCMGCCGCGGTAA,Torompupu,M,swab,787,mid,1492
DRW146,DRW146,ATAAGTAACCGC,GTGTGYCAGCMGCCGCGGTAA,Katopasa,M,swab,368,low,328.8
JLC011,JLC011,AATTGGCGGGCG,GTGTGYCAGCMGCCGCGGTAA,Torompupu,M,swab,660,low,6.76
RCKB2220,RCKB2220,GAAGTGTATCTG,GTGTGYCAGCMGCCGCGGTAA,Torompupu,M,swab,660,low,345.6
LMB150,LMB150,ATACGATGGATA,GTGTGYCAGCMGCCGCGGTAA,Katopasa,M,swab,368,low,460
RCKB2232,RCKB2232,GAAGACAGCGAC,GTGTGYCAGCMGCCGCGGTAA,Torompupu,M,swab,1425,high,100.8
LMB153,LMB153,ATATCGCGATGA,GTGTGYCAGCMGCCGCGGTAA,Katopasa,M,swab,368,low,70.8
TN5,TN,CGATACACTGCC,GTGTGYCAGCMGCCGCGGTAA,Torompupu,NA,fneg,NA,,NA
RCKB2299,RCKB2299,TCACAACACCGC,GTGTGYCAGCMGCCGCGGTAA,Dako,F,swab,1052,mid,3.12
TN2,TN,GTTTGTGATCTT,GTGTGYCAGCMGCCGCGGTAA,Torompupu,NA,fneg,NA,,NA
KMCR691,KMCR691,AACATTGCAGGT,GTGTGYCAGCMGCCGCGGTAA,Katopasa,F,swab,1312,high,18.72
MI0071,MI0071,GAGTGCTCTAAC,GTGTGYCAGCMGCCGCGGTAA,Katopasa,M,swab,1340,high,145.6
TN3,TN,TCGCCGTGTACA,GTGTGYCAGCMGCCGCGGTAA,Torompupu,NA,fneg,NA,,NA
DN3,DN,GTGTGGCAGAAG,GTGTGYCAGCMGCCGCGGTAA,Dako,NA,fneg,NA,,NA
KMCR697,KMCR697,AAGTATCCTGCG,GTGTGYCAGCMGCCGCGGTAA,Katopasa,M,swab,1228,high,432
DRW147,DRW147,TGGCACTGGTTA,GTGTGYCAGCMGCCGCGGTAA,Katopasa,M,swab,386,low,7.48
LN,LN,GTGTGTGCCATA,GTGTGYCAGCMGCCGCGGTAA,Lab,NA,lneg,NA,,NA
